kind,owner,original_name,original_descriptor,desktop_descriptor,proposed_name,confidence,recommendation,decision,rename_group,reason,evidence
class,godog,godog,Lgodog;,Lgodog;,GodogDemo,high,rename,pending,godog|class|godog|Lgodog;,"Coordinates scenes, script commands, rendering and module playback.",java-desktop/src/main/java/godog.java:20
class,kaaakka,kaaakka,Lkaaakka;,Lkaaakka;,Mat3f,high,rename,pending,kaaakka|class|kaaakka|Lkaaakka;,Stores nine matrix components and implements 3D matrix operations.,java-desktop/src/main/java/kaaakka.java:5
class,kaaakkk,kaaakkk,Lkaaakkk;,Lkaaakkk;,ScalarFieldVertex,high,rename,pending,kaaakkk|class|kaaakkk|Lkaaakkk;,Extends the float vector with a scalar used by isosurface extraction.,java-desktop/src/main/java/kaaakkk.java:5
class,kaaakma,kaaakma,Lkaaakma;,Lkaaakma;,BackdropMesh,high,rename,pending,kaaakma|class|kaaakma|Lkaaakma;,Loads octa8/half8 backdrop geometry and follows the camera.,java-desktop/src/main/java/kaaakma.java:7
class,kaaakmk,kaaakmk,Lkaaakmk;,Lkaaakmk;,ExitOnCloseFrame,high,rename,pending,kaaakmk|class|kaaakmk|Lkaaakmk;,AWT frame whose window-close handler terminates the application.,java-desktop/src/main/java/kaaakmk.java:8
class,kaaamka,kaaamka,Lkaaamka;,Lkaaamka;,ViewFrustum,high,rename,pending,kaaamka|class|kaaamka|Lkaaamka;,Constructs view boundaries from the camera and tests geometry.,java-desktop/src/main/java/kaaamka.java:5
class,kaaamma,kaaamma,Lkaaamma;,Lkaaamma;,RenderPrimitive,high,rename,pending,kaaamma|class|kaaamma|Lkaaamma;,Sortable base for primitives submitted to surface presenters.,java-desktop/src/main/java/kaaamma.java:5
class,kaaammk,kaaammk,Lkaaammk;,Lkaaammk;,MovieFillStyle,medium,rename,pending,kaaammk|class|kaaammk|Lkaaammk;,"Contains solid, gradient or bitmap fill state for movie rendering.",java-desktop/src/main/java/kaaammk.java:5
class,kaajkka,kaajkka,Lkaajkka;,Lkaajkka;,ArchiveDecoder,high,rename,pending,kaajkka|class|kaajkka|Lkaajkka;,Interface for reading entries and data from an archive.,java-desktop/src/main/java/kaajkka.java:7
class,kaajkkk,kaajkkk,Lkaajkkk;,Lkaajkkk;,MovieRasterizer,high,rename,pending,kaajkkk|class|kaajkkk|Lkaajkkk;,Produces movie pixels by scanning edges and applying fill styles.,java-desktop/src/main/java/kaajkkk.java:11
class,kaajkmk,kaajkmk,Lkaajkmk;,Lkaajkmk;,ParticleCloudMesh,high,rename,pending,kaajkmk|class|kaajkmk|Lkaajkmk;,Projects and draws the particle cloud used by the linjanen scene.,java-desktop/src/main/java/kaajkmk.java:5
class,kaajmka,kaajmka,Lkaajmka;,Lkaajmka;,ParticleVertex,medium,rename,pending,kaajmka|class|kaajmka|Lkaajmka;,Extends a vertex with an additional motion vector.,java-desktop/src/main/java/kaajmka.java:5
class,kaajmma,kaajmma,Lkaajmma;,Lkaajmma;,Vec3f,high,rename,pending,kaajmma|class|kaajmma|Lkaajmma;,Three float coordinates and vector arithmetic.,java-desktop/src/main/java/kaajmma.java:5
class,kaajmmk,kaajmmk,Lkaajmmk;,Lkaajmmk;,MovieBounds,high,rename,pending,kaajmmk|class|kaajmmk|Lkaajmmk;,Maintains 2D min/max bounds with inclusion and intersection operations.,java-desktop/src/main/java/kaajmmk.java:7
class,kajakka,kajakka,Lkajakka;,Lkajakka;,GraphicsRoutine,high,rename,pending,kajakka|class|kajakka|Lkajakka;,Named routine lifecycle with direct Graphics rendering.,java-desktop/src/main/java/kajakka.java:7
class,kajakkk,kajakkk,Lkajakkk;,Lkajakkk;,MovieDisplayObject,high,rename,pending,kajakkk|class|kajakkk|Lkajakkk;,"Movie display-list instance with depth, transform and bounds.",java-desktop/src/main/java/kajakkk.java:7
class,kajakma,kajakma,Lkajakma;,Lkajakma;,XmInstrumentHeaderOffsets,high,rename,pending,kajakma|class|kajakma|Lkajakma;,Constants used to address fields of an XM instrument header.,java-desktop/src/main/java/kajakma.java:5
class,kajakmk,kajakmk,Lkajakmk;,Lkajakmk;,MovieAudioClip,high,rename,pending,kajakmk|class|kajakmk|Lkajakmk;,Decodes and plays audio belonging to the movie subsystem.,java-desktop/src/main/java/kajakmk.java:13
class,kajamka,kajamka,Lkajamka;,Lkajamka;,ModuleLoader,high,rename,pending,kajamka|class|kajamka|Lkajamka;,Recognizes and loads MOD/XM module data and archive wrappers.,java-desktop/src/main/java/kajamka.java:7
class,kajamma,kajamma,Lkajamma;,Lkajamma;,MovieTimeline,high,rename,pending,kajamma|class|kajamma|Lkajamma;,Parses movie tags and manages timeline frames and character definitions.,java-desktop/src/main/java/kajamma.java:10
class,kajammk,kajammk,Lkajammk;,Lkajammk;,SplineTrack,high,rename,pending,kajammk|class|kajammk|Lkajammk;,"Interpolates keyed float, integer and quaternion animation data.",java-desktop/src/main/java/kajammk.java:5
class,kajjkka,kajjkka,Lkajjkka;,Lkajjkka;,Triangle,high,rename,pending,kajjkka|class|kajjkka|Lkajjkka;,Three vertices and three UV coordinates with primitive material state.,java-desktop/src/main/java/kajjkka.java:5
class,kajjkkk,kajjkkk,Lkajjkkk;,Lkajjkkk;,Quaternionf,high,rename,pending,kajjkkk|class|kajjkkk|Lkajjkkk;,Four float quaternion components and quaternion interpolation/rotation.,java-desktop/src/main/java/kajjkkk.java:5
class,kajjkmk,kajjkmk,Lkajjkmk;,Lkajjkmk;,IndexedSurfacePresenter,high,rename,pending,kajjkmk|class|kajjkmk|Lkajjkmk;,Presents primitives to an indexed image surface.,java-desktop/src/main/java/kajjkmk.java:10
class,kajjmka,kajjmka,Lkajjmka;,Lkajjmka;,DesktopResourceContext,high,rename,pending,kajjmka|class|kajjmka|Lkajjmka;,Adapted resource context replacing the former applet context contract.,java-desktop/src/main/java/kajjmka.java:11
class,kajjmma,kajjmma,Lkajjmma;,Lkajjmma;,VehjeScene,high,rename,pending,kajjmma|class|kajjmma|Lkajjmma;,Scene identified by the script string vehje; renders metaball geometry.,java-desktop/src/main/java/kajjmma.java:5
class,kajjmmk,kajjmmk,Lkajjmmk;,Lkajjmmk;,UvCoord,high,rename,pending,kajjmmk|class|kajjmmk|Lkajjmmk;,Two texture coordinates copied and interpolated by triangle rendering.,java-desktop/src/main/java/kajjmmk.java:5
class,kmaakka,kmaakka,Lkmaakka;,Lkmaakka;,SoftwareImageSurface,high,rename,pending,kmaakka|class|kmaakka|Lkmaakka;,"Base ImageProducer with dimensions, color model and AWT image.",java-desktop/src/main/java/kmaakka.java:15
class,kmaakkk,kmaakkk,Lkmaakkk;,Lkmaakkk;,ModuleSequencer,high,rename,pending,kmaakkk|class|kmaakkk|Lkmaakkk;,Tracks order-table position and advances pattern rows.,java-desktop/src/main/java/kmaakkk.java:5
class,kmaakma,kmaakma,Lkmaakma;,Lkmaakma;,ImageMathSupport,medium,rename,pending,kmaakma|class|kmaakma|Lkmaakma;,"Mixed image-loading, numeric and packed-color utility methods.",java-desktop/src/main/java/kmaakma.java:12
class,kmaakmk,kmaakmk,Lkmaakmk;,Lkmaakmk;,EndscreenRoutine,high,rename,pending,kmaakmk|class|kmaakmk|Lkmaakmk;,Graphics routine displaying endscreen.gif.,java-desktop/src/main/java/kmaakmk.java:11
class,kmaamka,kmaamka,Lkmaamka;,Lkmaamka;,ModuleSample,high,rename,pending,kmaamka|class|kmaamka|Lkmaamka;,PCM sample data and playback/loop parameters for module voices.,java-desktop/src/main/java/kmaamka.java:5
class,kmaamma,kmaamma,Lkmaamma;,Lkmaamma;,DesktopDemoBase,high,rename,pending,kmaamma|class|kmaamma|Lkmaamma;,"Adapted demo host providing parameters, resources and lifecycle hooks.",java-desktop/src/main/java/kmaamma.java:12
class,kmaammk,kmaammk,Lkmaammk;,Lkmaammk;,MovieTransform,high,rename,pending,kmaammk|class|kmaammk|Lkmaammk;,Six-component fixed-point affine transform for movie coordinates.,java-desktop/src/main/java/kmaammk.java:7
class,kmajkka,kmajkka,Lkmajkka;,Lkmajkka;,SortableItem,high,rename,pending,kmajkka|class|kmajkka|Lkmajkka;,Base object containing the numeric sorting key.,java-desktop/src/main/java/kmajkka.java:5
class,kmajkkk,kmajkkk,Lkmajkkk;,Lkmajkkk;,EnvelopeCursor,high,rename,pending,kmajkkk|class|kmajkkk|Lkmajkkk;,"Maintains envelope position, note release and fadeout state.",java-desktop/src/main/java/kmajkkk.java:5
class,kmajkmk,kmajkmk,Lkmajkmk;,Lkmajkmk;,LinjanenScene,high,rename,pending,kmajkmk|class|kmajkmk|Lkmajkmk;,Scene identified by the script string linjanen.,java-desktop/src/main/java/kmajkmk.java:5
class,kmajmka,kmajmka,Lkmajmka;,Lkmajmka;,TunerLine,high,rename,pending,kmajmka|class|kmajmka|Lkmajmka;,One text line in the startup tuner display.,java-desktop/src/main/java/kmajmka.java:9
class,kmajmma,kmajmma,Lkmajmma;,Lkmajmma;,RadialFlareMesh,medium,rename,pending,kmajmma|class|kmajmma|Lkmajmma;,Builds an animated radial triangle fan using flare imagery.,java-desktop/src/main/java/kmajmma.java:5
class,kmajmmk,kmajmmk,Lkmajmmk;,Lkmajmmk;,DesktopParameterStub,high,rename,pending,kmajmmk|class|kmajmmk|Lkmajmmk;,Adapted parameter stub replacing the former applet stub contract.,java-desktop/src/main/java/kmajmmk.java:8
class,kmjakka,kmjakka,Lkmjakka;,Lkmjakka;,SongPositionQueue,high,rename,pending,kmjakka|class|kmjakka|Lkmjakka;,Stores song positions with scheduled playback timestamps.,java-desktop/src/main/java/kmjakka.java:8
class,kmjakkk,kmjakkk,Lkmjakkk;,Lkmjakkk;,ScriptEventScheduler,high,rename,pending,kmjakkk|class|kmjakkk|Lkmjakkk;,Schedules script commands against song positions and dispatches them.,java-desktop/src/main/java/kmjakkk.java:5
class,kmjakmk,kmjakmk,Lkmjakmk;,Lkmjakmk;,XmPatternHeaderOffsets,high,rename,pending,kmjakmk|class|kmjakmk|Lkmjakmk;,Constants used to address an XM pattern header.,java-desktop/src/main/java/kmjakmk.java:5
class,kmjamka,kmjamka,Lkmjamka;,Lkmjamka;,RgbSurfacePresenter,high,rename,pending,kmjamka|class|kmjamka|Lkmjamka;,Dispatches primitives to RGB triangle and line rasterizers.,java-desktop/src/main/java/kmjamka.java:10
class,kmjamma,kmjamma,Lkmjamma;,Lkmjamma;,MovieSurfaceBridge,high,rename,pending,kmjamma|class|kmjamma|Lkmjamma;,Consumes movie pixels into the demo RGB surface.,java-desktop/src/main/java/kmjamma.java:15
class,kmjammk,kmjammk,Lkmjammk;,Lkmjammk;,HeightFieldMesh,high,rename,pending,kmjammk|class|kmjammk|Lkmjammk;,Grid terrain geometry with water/reflection rendering support.,java-desktop/src/main/java/kmjammk.java:5
class,kmjjkka,kmjjkka,Lkmjjkka;,Lkmjjkka;,MovieBitmap,high,rename,pending,kmjjkka|class|kmjjkka|Lkmjjkka;,Decodes and samples bitmap data for movie fills.,java-desktop/src/main/java/kmjjkka.java:12
class,kmjjkkk,kmjjkkk,Lkmjjkkk;,Lkmjjkkk;,AseSceneLoader,high,rename,pending,kmjjkkk|class|kmjjkkk|Lkmjjkkk;,Loads ASCII scene geometry and animation from compressed ASE exports.,java-desktop/src/main/java/kmjjkkk.java:15
class,kmjjkmk,kmjjkmk,Lkmjjkmk;,Lkmjjkmk;,ImageDecodeConsumer,high,rename,pending,kmjjkmk|class|kmjjkmk|Lkmjjkmk;,AWT image consumer transferring decoded pixels into software surfaces.,java-desktop/src/main/java/kmjjkmk.java:10
class,kmjjmka,kmjjmka,Lkmjjmka;,Lkmjjmka;,MovieBitReader,high,rename,pending,kmjjmka|class|kmjjmka|Lkmjjmka;,"Reads movie bytes, packed bit fields, colors, bounds and transforms.",java-desktop/src/main/java/kmjjmka.java:5
class,kmjjmma,kmjjmma,Lkmjjmma;,Lkmjjmma;,Scene,high,rename,pending,kmjjmma|class|kmjjmma|Lkmjjmma;,Named scene lifecycle and software-surface rendering contract.,java-desktop/src/main/java/kmjjmma.java:5
class,kmjjmmk,kmjjmmk,Lkmjjmmk;,Lkmjjmmk;,SurfacePresenter,high,rename,pending,kmjjmmk|class|kmjjmmk|Lkmjjmmk;,Base abstraction for surface presentation and primitive dispatch.,java-desktop/src/main/java/kmjjmmk.java:7
class,maaakka,maaakka,Lmaaakka;,Lmaaakka;,IndexedSurface,high,rename,pending,maaakka|class|maaakka|Lmaaakka;,Software image surface with indexed pixels and palette.,java-desktop/src/main/java/maaakka.java:7
class,maaakkk,maaakkk,Lmaaakkk;,Lmaaakkk;,ModuleSong,high,rename,pending,maaakkk|class|maaakkk|Lmaaakkk;,"Owns patterns, instruments and channels; processes module playback ticks.",java-desktop/src/main/java/maaakkk.java:4
class,maaakma,maaakma,Lmaaakma;,Lmaaakma;,SceneRenderer,high,rename,pending,maaakma|class|maaakma|Lmaaakma;,"Collects, projects, sorts and renders scene objects.",java-desktop/src/main/java/maaakma.java:8
class,maaakmk,maaakmk,Lmaaakmk;,Lmaaakmk;,IndexedTriangleSink,high,rename,pending,maaakmk|class|maaakmk|Lmaaakmk;,Indexed-surface triangle entry point; recovered draw body is empty.,java-desktop/src/main/java/maaakmk.java:5
class,maaamka,maaamka,Lmaaamka;,Lmaaamka;,MovieAudioStream,high,rename,pending,maaamka|class|maaamka|Lmaaamka;,Byte stream with looping and audio conversion for movie playback.,java-desktop/src/main/java/maaamka.java:7
class,maaamma,maaamma,Lmaaamma;,Lmaaamma;,MovieIntroScene,high,rename,pending,maaamma|class|maaamma|Lmaaamma;,Scene identified as movieintro; loads intro4.swz.,java-desktop/src/main/java/maaamma.java:10
class,maaammk,maaammk,Lmaaammk;,Lmaaammk;,MovieFillSpan,medium,rename,pending,maaammk|class|maaammk|Lmaaammk;,Collects fill styles and computes their scanline color contribution.,java-desktop/src/main/java/maaammk.java:7
class,maajkka,maajkka,Lmaajkka;,Lmaajkka;,EvilScene,high,rename,pending,maajkka|class|maajkka|Lmaajkka;,Scene identified by the script string evil.,java-desktop/src/main/java/maajkka.java:5
class,maajkkk,maajkkk,Lmaajkkk;,Lmaajkkk;,MovieScanlineEdge,high,rename,pending,maajkkk|class|maajkkk|Lmaajkkk;,Quadratic-edge specialization with scanline stepping state.,java-desktop/src/main/java/maajkkk.java:5
class,maajkmk,maajkmk,Lmaajkmk;,Lmaajkmk;,IguMeshLoader,high,rename,pending,maajkmk|class|maajkmk|Lmaajkmk;,Parses the textual mesh export format used by .igu assets.,java-desktop/src/main/java/maajkmk.java:11
class,maajmka,maajmka,Lmaajmka;,Lmaajmka;,SmoothedFrameTimer,high,rename,pending,maajmka|class|maajmka|Lmaajmka;,Uses a rolling timestamp window for elapsed time and frame duration.,java-desktop/src/main/java/maajmka.java:5
class,maajmma,maajmma,Lmaajmma;,Lmaajmma;,XmSampleHeaderOffsets,high,rename,pending,maajmma|class|maajmma|Lmaajmma;,Constants used to address an XM sample header.,java-desktop/src/main/java/maajmma.java:5
class,maajmmk,maajmmk,Lmaajmmk;,Lmaajmmk;,MovieShapeDecoder,high,rename,pending,maajmmk|class|maajmmk|Lmaajmmk;,"Decodes movie shape records, fills and quadratic edges.",java-desktop/src/main/java/maajmmk.java:7
class,majakka,majakka,Lmajakka;,Lmajakka;,ModuleChannel,high,rename,pending,majakka|class|majakka|Lmajakka;,Extends a sample voice with instrument envelopes and auto-vibrato.,java-desktop/src/main/java/majakka.java:5
class,majakkk,majakkk,Lmajakkk;,Lmajakkk;,PaaScene,high,rename,pending,majakkk|class|majakkk|Lmajakkk;,Scene identified by the script string paa; animates split heads.,java-desktop/src/main/java/majakkk.java:5
class,majakma,majakma,Lmajakma;,Lmajakma;,TravScene,high,rename,pending,majakma|class|majakma|Lmajakma;,Scene identified by the script string trav.,java-desktop/src/main/java/majakma.java:5
class,majakmk,majakmk,Lmajakmk;,Lmajakmk;,ScheduledSongPosition,high,rename,pending,majakmk|class|majakmk|Lmajakmk;,Pair of song-position integer and scheduled timestamp.,java-desktop/src/main/java/majakmk.java:5
class,majamka,majamka,Lmajamka;,Lmajamka;,LegacyFullscreenWindow,high,rename,pending,majamka|class|majamka|Lmajamka;,Recovered fullscreen Window wrapper retained as reference code.,java-desktop/src/main/java/majamka.java:13
class,majamma,majamma,Lmajamma;,Lmajamma;,MixerBusListener,high,rename,pending,majamma|class|majamma|Lmajamma;,Receives a callback from the mixer bus for sequencer ticks.,java-desktop/src/main/java/majamma.java:5
class,majammk,majammk,Lmajammk;,Lmajammk;,StartupTunerCanvas,high,rename,pending,majammk|class|majammk|Lmajammk;,Recovered startup tuning and display/audio selection interface.,java-desktop/src/main/java/majammk.java:19
class,majjkka,majjkka,Lmajjkka;,Lmajjkka;,Envelope,high,rename,pending,majjkka|class|majjkka|Lmajjkka;,"Sampled envelope with sustain, loop and release-fade settings.",java-desktop/src/main/java/majjkka.java:7
class,majjkkk,majjkkk,Lmajjkkk;,Lmajjkkk;,QuadraticEdge,high,rename,pending,majjkkk|class|majjkkk|Lmajjkkk;,Line or quadratic segment with subdivision and geometric queries.,java-desktop/src/main/java/majjkkk.java:7
class,majjkmk,majjkmk,Lmajjkmk;,Lmajjkmk;,MovieColorTransform,high,rename,pending,majjkmk|class|majjkmk|Lmajjkmk;,Per-channel multiply/add transforms and derived lookup tables.,java-desktop/src/main/java/majjkmk.java:5
class,majjmka,majjmka,Lmajjmka;,Lmajjmka;,Vertex,high,rename,pending,majjmka|class|majjmka|Lmajjmka;,"3D vertex with normal, projected coordinates and visibility state.",java-desktop/src/main/java/majjmka.java:5
class,majjmma,majjmma,Lmajjmma;,Lmajjmma;,TrackKeyframe,high,rename,pending,majjmma|class|majjmma|Lmajjmma;,Timestamped animation key with interpolation parameters and values.,java-desktop/src/main/java/majjmma.java:5
class,majjmmk,majjmmk,Lmajjmmk;,Lmajjmmk;,ModHeaderOffsets,high,rename,pending,majjmmk|class|majjmmk|Lmajjmmk;,Constants used to address a MOD file header.,java-desktop/src/main/java/majjmmk.java:5
class,mmaakka,mmaakka,Lmmaakka;,Lmmaakka;,MoviePlayer,high,rename,pending,mmaakka|class|mmaakka|Lmmaakka;,"Movie loading, playback, input and presentation component.",java-desktop/src/main/java/mmaakka.java:17
class,mmaakkk,mmaakkk,Lmmaakkk;,Lmmaakkk;,MeshObject,high,rename,pending,mmaakkk|class|mmaakkk|Lmmaakkk;,"Vertex/triangle mesh with transforms, materials, projection and clipping.",java-desktop/src/main/java/mmaakkk.java:5
class,mmaakma,mmaakma,Lmmaakma;,Lmmaakma;,ScriptEventListener,high,rename,pending,mmaakma|class|mmaakma|Lmmaakma;,Receives scheduled script commands and their position.,java-desktop/src/main/java/mmaakma.java:5
class,mmaakmk,mmaakmk,Lmmaakmk;,Lmmaakmk;,ModuleVoice,high,rename,pending,mmaakmk|class|mmaakmk|Lmmaakmk;,"Mixable sample voice with pitch, volume and playback effects.",java-desktop/src/main/java/mmaakmk.java:8
class,mmaamka,mmaamka,Lmmaamka;,Lmmaamka;,MarchingCubesTables,high,rename,pending,mmaamka|class|mmaamka|Lmmaamka;,Edge and triangle lookup tables used for isosurface extraction.,java-desktop/src/main/java/mmaamka.java:5
class,mmaamma,mmaamma,Lmmaamma;,Lmmaamma;,TexturedTriangleRasterizer,high,rename,pending,mmaamma|class|mmaamma|Lmmaamma;,Rasterizes textured triangles using fixed-point UV interpolation.,java-desktop/src/main/java/mmaamma.java:5
class,mmaammk,mmaammk,Lmmaammk;,Lmmaammk;,WireframeMesh,high,rename,pending,mmaammk|class|mmaammk|Lmmaammk;,Mesh specialization that collects and draws unique edges.,java-desktop/src/main/java/mmaammk.java:5
class,mmajkka,mmajkka,Lmmajkka;,Lmmajkka;,RgbSurface,high,rename,pending,mmajkka|class|mmajkka|Lmmajkka;,Packed RGB pixel buffers and software compositing operations.,java-desktop/src/main/java/mmajkka.java:8
class,mmajkkk,mmajkkk,Lmmajkkk;,Lmmajkkk;,ByteReaders,high,rename,pending,mmajkkk|class|mmajkkk|Lmmajkkk;,Signed/unsigned byte and little/big-endian integer decoding helpers.,java-desktop/src/main/java/mmajkkk.java:5
class,mmajkmk,mmajkmk,Lmmajkmk;,Lmmajkmk;,ModulePattern,high,rename,pending,mmajkmk|class|mmajkmk|Lmmajkmk;,Pattern rows containing five-byte note cells for each channel.,java-desktop/src/main/java/mmajkmk.java:5
class,mmajmka,mmajmka,Lmmajmka;,Lmmajmka;,XmInstrumentEnvelopeOffsets,high,rename,pending,mmajmka|class|mmajmka|Lmmajmka;,XM instrument envelope offsets and feature flags.,java-desktop/src/main/java/mmajmka.java:5
class,mmajmma,mmajmma,Lmmajmma;,Lmmajmma;,MixerBus,high,rename,pending,mmajmma|class|mmajmma|Lmmajmma;,Mixes registered voices and schedules playback tick callbacks.,java-desktop/src/main/java/mmajmma.java:10
class,mmajmmk,mmajmmk,Lmmajmmk;,Lmmajmmk;,MovieSignal,high,rename,pending,mmajmmk|class|mmajmmk|Lmmajmmk;,"Monitor-based wait, signal and consume operations for movie threads.",java-desktop/src/main/java/mmajmmk.java:5
class,mmjakka,mmjakka,Lmmjakka;,Lmmjakka;,MovieCharacter,medium,rename,pending,mmjakka|class|mmjakka|Lmmjakka;,"Movie dictionary character definition with type, bounds and payload.",java-desktop/src/main/java/mmjakka.java:5
class,mmjakkk,mmjakkk,Lmmjakkk;,Lmmjakkk;,ModSampleHeaderOffsets,high,rename,pending,mmjakkk|class|mmjakkk|Lmmjakkk;,Constants used to address a MOD sample header.,java-desktop/src/main/java/mmjakkk.java:5
class,mmjakmk,mmjakmk,Lmmjakmk;,Lmmjakmk;,MovieController,high,rename,pending,mmjakmk|class|mmjakmk|Lmmjakmk;,"Facade for movie seeking, playback, quality, zoom and viewport controls.",java-desktop/src/main/java/mmjakmk.java:12
class,mmjamka,mmjamka,Lmmjamka;,Lmmjamka;,LineRasterizer,high,rename,pending,mmjamka|class|mmjamka|Lmmjamka;,"Software line drawing with indexed, RGB and additive variants.",java-desktop/src/main/java/mmjamka.java:5
class,mmjamma,mmjamma,Lmmjamma;,Lmmjamma;,Vec3d,high,rename,pending,mmjamma|class|mmjamma|Lmmjamma;,Three double coordinates and vector arithmetic.,java-desktop/src/main/java/mmjamma.java:5
class,mmjammk,mmjammk,Lmmjammk;,Lmmjammk;,ModuleInstrument,high,rename,pending,mmjammk|class|mmjammk|Lmmjammk;,Maps notes to samples and stores envelopes and auto-vibrato parameters.,java-desktop/src/main/java/mmjammk.java:5
class,mmjjkka,mmjjkka,Lmmjjkka;,Lmmjjkka;,ObjectSortEntry,high,rename,pending,mmjjkka|class|mmjjkka|Lmmjjkka;,Sortable wrapper associating an object with a numeric key.,java-desktop/src/main/java/mmjjkka.java:5
class,mmjjkkk,mmjjkkk,Lmmjjkkk;,Lmmjjkkk;,ScheduledScriptEvent,high,rename,pending,mmjjkkk|class|mmjjkkk|Lmmjjkkk;,Sortable script command with its scheduled timestamp.,java-desktop/src/main/java/mmjjkkk.java:5
class,mmjjkmk,mmjjkmk,Lmmjjkmk;,Lmmjjkmk;,EmbeddedJpegProducer,high,rename,pending,mmjjkmk|class|mmjjkmk|Lmmjjkmk;,ImageProducer decoding the movie's embedded JPEG data.,java-desktop/src/main/java/mmjjkmk.java:8
class,mmjjmka,mmjjmka,Lmmjjmka;,Lmmjjmka;,IsoSurfaceIntersection,high,rename,pending,mmjjmka|class|mmjjmka|Lmmjjmka;,Interpolates an isosurface intersection between scalar-field vertices.,java-desktop/src/main/java/mmjjmka.java:5
class,mmjjmkk,mmjjmkk,Lmmjjmkk;,Lmmjjmkk;,Camera,high,rename,pending,mmjjmkk|class|mmjjmkk|Lmmjjmkk;,"Camera pose, viewport dimensions and clipping parameters.",java-desktop/src/main/java/mmjjmkk.java:5
class,mmjjmma,mmjjmma,Lmmjjmma;,Lmmjjmma;,DepthSorter,high,rename,pending,mmjjmma|class|mmjjmma|Lmmjjmma;,Sorts objects using the floating-point key in SortableItem.,java-desktop/src/main/java/mmjjmma.java:5
class,mmjjmmk,mmjjmmk,Lmmjjmmk;,Lmmjjmmk;,MetaballMesh,high,rename,pending,mmjjmmk|class|mmjjmmk|Lmmjjmmk;,Extracts metaball isosurfaces using marching-cubes lookup tables.,java-desktop/src/main/java/mmjjmmk.java:8
class,muhmu.hifi.device.DeviceMS_IE3,DeviceMS_IE3,Lmuhmu/hifi/device/DeviceMS_IE3;,Lmuhmu/hifi/device/DeviceMS_IE3;,DeviceMS_IE3,high,keep,pending,muhmu.hifi.device.DeviceMS_IE3|class|DeviceMS_IE3|Lmuhmu/hifi/device/DeviceMS_IE3;,Existing descriptive or historical audio API name; retain it.,java-desktop/legacy-platform/muhmu/hifi/device/DeviceMS_IE3.java:17
class,muhmu.hifi.device.DeviceMS_IE4,DeviceMS_IE4,Lmuhmu/hifi/device/DeviceMS_IE4;,Lmuhmu/hifi/device/DeviceMS_IE4;,DeviceMS_IE4,high,keep,pending,muhmu.hifi.device.DeviceMS_IE4|class|DeviceMS_IE4|Lmuhmu/hifi/device/DeviceMS_IE4;,Existing descriptive or historical audio API name; retain it.,java-desktop/legacy-platform/muhmu/hifi/device/DeviceMS_IE4.java:16
class,muhmu.hifi.device.DeviceMSbase,DeviceMSbase,Lmuhmu/hifi/device/DeviceMSbase;,Lmuhmu/hifi/device/DeviceMSbase;,DeviceMSbase,high,keep,pending,muhmu.hifi.device.DeviceMSbase|class|DeviceMSbase|Lmuhmu/hifi/device/DeviceMSbase;,Existing descriptive or historical audio API name; retain it.,java-desktop/src/main/java/muhmu/hifi/device/DeviceMSbase.java:9
class,muhmu.hifi.device.DeviceNoSound,DeviceNoSound,Lmuhmu/hifi/device/DeviceNoSound;,Lmuhmu/hifi/device/DeviceNoSound;,DeviceNoSound,high,keep,pending,muhmu.hifi.device.DeviceNoSound|class|DeviceNoSound|Lmuhmu/hifi/device/DeviceNoSound;,Existing descriptive or historical audio API name; retain it.,java-desktop/src/main/java/muhmu/hifi/device/DeviceNoSound.java:9
class,muhmu.hifi.device.DeviceSun,DeviceSun,Lmuhmu/hifi/device/DeviceSun;,Lmuhmu/hifi/device/DeviceSun;,DeviceSun,high,keep,pending,muhmu.hifi.device.DeviceSun|class|DeviceSun|Lmuhmu/hifi/device/DeviceSun;,Existing descriptive or historical audio API name; retain it.,java-desktop/legacy-platform/muhmu/hifi/device/DeviceSun.java:16
class,muhmu.hifi.device.MAD,MAD,Lmuhmu/hifi/device/MAD;,Lmuhmu/hifi/device/MAD;,MAD,high,keep,pending,muhmu.hifi.device.MAD|class|MAD|Lmuhmu/hifi/device/MAD;,Existing descriptive or historical audio API name; retain it.,java-desktop/src/main/java/muhmu/hifi/device/MAD.java:9
class,muhmu.hifi.device.Mixable,Mixable,Lmuhmu/hifi/device/Mixable;,Lmuhmu/hifi/device/Mixable;,Mixable,high,keep,pending,muhmu.hifi.device.Mixable|class|Mixable|Lmuhmu/hifi/device/Mixable;,Existing descriptive or historical audio API name; retain it.,java-desktop/src/main/java/muhmu/hifi/device/Mixable.java:7
class,muhmu.hifi.device.ULaw,ULaw,Lmuhmu/hifi/device/ULaw;,Lmuhmu/hifi/device/ULaw;,ULaw,high,keep,pending,muhmu.hifi.device.ULaw|class|ULaw|Lmuhmu/hifi/device/ULaw;,Existing descriptive or historical audio API name; retain it.,java-desktop/src/main/java/muhmu/hifi/device/ULaw.java:7
method,kaajmmk,AkKaMAJ,(Ljava/awt/Point;)Z,(Ljava/awt/Point;)Z,contains,high,rename,pending,kaajmmk|method|AkKaMAJ|(Ljava/awt/Point;)Z,"Bounds union, point extension, rectangle overlap and point containment checks.",java-desktop/src/main/java/kaajmmk.java:92
method,kaajmmk,akKaMAJ,(Lkaajmmk;)V,(Lkaajmmk;)V,includeBounds,high,rename,pending,kaajmmk|method|akKaMAJ|(Lkaajmmk;)V,"Bounds union, point extension, rectangle overlap and point containment checks.",java-desktop/src/main/java/kaajmmk.java:47
method,kaajmmk,AKKaMAJ,(Ljava/awt/Point;)V,(Ljava/awt/Point;)V,includePoint,high,rename,pending,kaajmmk|method|AKKaMAJ|(Ljava/awt/Point;)V,"Bounds union, point extension, rectangle overlap and point containment checks.",java-desktop/src/main/java/kaajmmk.java:63
method,kaajmmk,aKKaMAJ,(Lkaajmmk;)Z,(Lkaajmmk;)Z,intersects,high,rename,pending,kaajmmk|method|aKKaMAJ|(Lkaajmmk;)Z,"Bounds union, point extension, rectangle overlap and point containment checks.",java-desktop/src/main/java/kaajmmk.java:88
method,kajakka,aMAjaKk,()V,()V,dispose,high,rename,pending,kajakka|method|aMAjaKk|()V,"Graphics-routine registration, selection and dispatch in godog parallel the scene lifecycle.",java-desktop/src/main/java/kajakka.java:17
method,kajakka,AMajaKk,()V,()V,enter,high,rename,pending,kajakka|method|AMajaKk|()V,"Graphics-routine registration, selection and dispatch in godog parallel the scene lifecycle.",java-desktop/src/main/java/kajakka.java:14
method,kajakka,amajaKk,()Ljava/lang/String;,()Ljava/lang/String;,getRoutineId,high,rename,pending,kajakka|method|amajaKk|()Ljava/lang/String;,"Graphics-routine registration, selection and dispatch in godog parallel the scene lifecycle.",java-desktop/src/main/java/kajakka.java:9
method,kajakka,AMAjaKk,(Ljava/lang/String;F)V,(Ljava/lang/String;F)V,handleMessage,high,rename,pending,kajakka|method|AMAjaKk|(Ljava/lang/String;F)V,"Graphics-routine registration, selection and dispatch in godog parallel the scene lifecycle.",java-desktop/src/main/java/kajakka.java:23
method,kajakka,AmajaKk,(Lkmaamma;)V,(Lkmaamma;)V,load,high,rename,pending,kajakka|method|AmajaKk|(Lkmaamma;)V,"Graphics-routine registration, selection and dispatch in godog parallel the scene lifecycle.",java-desktop/src/main/java/kajakka.java:11
method,kajakka,amAjaKk,(Ljava/awt/Graphics;FF)V,(Ljava/awt/Graphics;FF)V,render,high,rename,pending,kajakka|method|amAjaKk|(Ljava/awt/Graphics;FF)V,"Graphics-routine registration, selection and dispatch in godog parallel the scene lifecycle.",java-desktop/src/main/java/kajakka.java:20
method,kajjmma,MAjakkA,()V,()V,dispose,high,rename,pending,kmjjmma|method|MAjakkA|()V,"Overrides kmjjmma.MAjakkA; preserve the shared callback name. Scene registration, selection, lifecycle and frame/message dispatch in godog establish the callback contract.",java-desktop/src/main/java/kajjmma.java:17
method,kajjmma,MaJAkkA,()Ljava/lang/String;,()Ljava/lang/String;,getSceneId,high,rename,pending,kmjjmma|method|MaJAkkA|()Ljava/lang/String;,"Overrides kmjjmma.MaJAkkA; preserve the shared callback name. Scene registration, selection, lifecycle and frame/message dispatch in godog establish the callback contract.",java-desktop/src/main/java/kajjmma.java:13
method,kajjmma,majakkA,(Ljava/lang/String;F)V,(Ljava/lang/String;F)V,handleMessage,high,rename,pending,kmjjmma|method|majakkA|(Ljava/lang/String;F)V,"Overrides kmjjmma.majakkA; preserve the shared callback name. Scene registration, selection, lifecycle and frame/message dispatch in godog establish the callback contract.",java-desktop/src/main/java/kajjmma.java:54
method,kajjmma,mAjakkA,(Lkmaamma;)V,(Lkmaamma;)V,load,high,rename,pending,kmjjmma|method|mAjakkA|(Lkmaamma;)V,"Overrides kmjjmma.mAjakkA; preserve the shared callback name. Scene registration, selection, lifecycle and frame/message dispatch in godog establish the callback contract.",java-desktop/src/main/java/kajjmma.java:21
method,kajjmma,MajakkA,(Lmmajkka;FF)V,(Lmmajkka;FF)V,render,high,rename,pending,kmjjmma|method|MajakkA|(Lmmajkka;FF)V,"Overrides kmjjmma.MajakkA; preserve the shared callback name. Scene registration, selection, lifecycle and frame/message dispatch in godog establish the callback contract.",java-desktop/src/main/java/kajjmma.java:39
method,kajjmmk,akKAMaJ,(DD)V,(DD)V,set,high,rename,pending,kajjmmk|method|akKAMaJ|(DD)V,Copies or sets both UV components; proposed overloads have distinct parameter types.,java-desktop/src/main/java/kajjmmk.java:38
method,kajjmmk,AKKAMaJ,(FF)V,(FF)V,set,high,rename,pending,kajjmmk|method|AKKAMaJ|(FF)V,Copies or sets both UV components; proposed overloads have distinct parameter types.,java-desktop/src/main/java/kajjmmk.java:33
method,kajjmmk,AkKAMaJ,(Lkajjmmk;)V,(Lkajjmmk;)V,set,high,rename,pending,kajjmmk|method|AkKAMaJ|(Lkajjmmk;)V,Copies or sets both UV components; proposed overloads have distinct parameter types.,java-desktop/src/main/java/kajjmmk.java:28
method,kmaakka,kaMAJaK,(Ljava/awt/Graphics;II)V,(Ljava/awt/Graphics;II)V,drawImage,high,rename,pending,kmaakka|method|kaMAJaK|(Ljava/awt/Graphics;II)V,Publishes pixel regions or draws/manages the AWT image; region callback is overridden by concrete surfaces.,java-desktop/src/main/java/kmaakka.java:54
method,kmaakka,KaMAJaK,(Ljava/awt/Graphics;IIII)V,(Ljava/awt/Graphics;IIII)V,drawScaledImage,high,rename,pending,kmaakka|method|KaMAJaK|(Ljava/awt/Graphics;IIII)V,Publishes pixel regions or draws/manages the AWT image; region callback is overridden by concrete surfaces.,java-desktop/src/main/java/kmaakka.java:58
method,kmaakka,KAmaJaK,()V,()V,publishFrame,high,rename,pending,kmaakka|method|KAmaJaK|()V,Publishes pixel regions or draws/manages the AWT image; region callback is overridden by concrete surfaces.,java-desktop/src/main/java/kmaakka.java:48
method,kmaakka,kamaJaK,(IIII)V,(IIII)V,publishRegion,high,rename,pending,kmaakka|method|kamaJaK|(IIII)V,Publishes pixel regions or draws/manages the AWT image; region callback is overridden by concrete surfaces.,java-desktop/src/main/java/kmaakka.java:52
method,kmaakka,kAmaJaK,(Z)V,(Z)V,setImageEnabled,high,rename,pending,kmaakka|method|kAmaJaK|(Z)V,Publishes pixel regions or draws/manages the AWT image; region callback is overridden by concrete surfaces.,java-desktop/src/main/java/kmaakka.java:62
method,kmaakkk,JaKkAMa,()V,()V,advanceOrder,high,rename,pending,kmaakkk|method|JaKkAMa|()V,Sequencer implementation sets or advances the corresponding order/row state.,java-desktop/src/main/java/kmaakkk.java:47
method,kmaakkk,jAkKama,([BII)V,([BII)V,loadOrderTable,high,rename,pending,kmaakkk|method|jAkKama|([BII)V,Sequencer implementation sets or advances the corresponding order/row state.,java-desktop/src/main/java/kmaakkk.java:22
method,kmaakkk,JakKama,()[B,()[B,nextRow,high,rename,pending,kmaakkk|method|JakKama|()[B,Sequencer implementation sets or advances the corresponding order/row state.,java-desktop/src/main/java/kmaakkk.java:62
method,kmaakkk,jakKama,()V,()V,rewind,high,rename,pending,kmaakkk|method|jakKama|()V,Sequencer implementation sets or advances the corresponding order/row state.,java-desktop/src/main/java/kmaakkk.java:33
method,kmaakkk,JaKKama,(I)V,(I)V,seekOrder,high,rename,pending,kmaakkk|method|JaKKama|(I)V,Sequencer implementation sets or advances the corresponding order/row state.,java-desktop/src/main/java/kmaakkk.java:37
method,kmaakkk,JAkKama,(I)V,(I)V,seekRow,high,rename,pending,kmaakkk|method|JAkKama|(I)V,Sequencer implementation sets or advances the corresponding order/row state.,java-desktop/src/main/java/kmaakkk.java:42
method,kmaakkk,jaKKama,(Z)V,(Z)V,setRepeatCurrentOrder,high,rename,pending,kmaakkk|method|jaKKama|(Z)V,Sequencer implementation sets or advances the corresponding order/row state.,java-desktop/src/main/java/kmaakkk.java:29
method,kmaakkk,jAKKama,(I)V,(I)V,setRestartOrder,high,rename,pending,kmaakkk|method|jAKKama|(I)V,Sequencer implementation sets or advances the corresponding order/row state.,java-desktop/src/main/java/kmaakkk.java:14
method,kmaakkk,JAKKama,(Lmaaakkk;)V,(Lmaaakkk;)V,setSong,high,rename,pending,kmaakkk|method|JAKKama|(Lmaaakkk;)V,Sequencer implementation sets or advances the corresponding order/row state.,java-desktop/src/main/java/kmaakkk.java:18
method,kmaakmk,amajaKk,()Ljava/lang/String;,()Ljava/lang/String;,getRoutineId,high,rename,pending,kajakka|method|amajaKk|()Ljava/lang/String;,"Overrides kajakka.amajaKk; preserve the shared callback name. Graphics-routine registration, selection and dispatch in godog parallel the scene lifecycle.",java-desktop/src/main/java/kmaakmk.java:16
method,kmaakmk,AmajaKk,(Lkmaamma;)V,(Lkmaamma;)V,load,high,rename,pending,kajakka|method|AmajaKk|(Lkmaamma;)V,"Overrides kajakka.AmajaKk; preserve the shared callback name. Graphics-routine registration, selection and dispatch in godog parallel the scene lifecycle.",java-desktop/src/main/java/kmaakmk.java:20
method,kmaakmk,amAjaKk,(Ljava/awt/Graphics;FF)V,(Ljava/awt/Graphics;FF)V,render,high,rename,pending,kajakka|method|amAjaKk|(Ljava/awt/Graphics;FF)V,"Overrides kajakka.amAjaKk; preserve the shared callback name. Graphics-routine registration, selection and dispatch in godog parallel the scene lifecycle.",java-desktop/src/main/java/kmaakmk.java:33
method,kmajkkk,jAkkAmA,()B,()B,nextValue,high,rename,pending,kmajkkk|method|jAkkAmA|()B,Binds an envelope or updates its cursor and release fadeout.,java-desktop/src/main/java/kmajkkk.java:43
method,kmajkkk,JakkAmA,()V,()V,release,high,rename,pending,kmajkkk|method|JakkAmA|()V,Binds an envelope or updates its cursor and release fadeout.,java-desktop/src/main/java/kmajkkk.java:38
method,kmajkkk,jakkAmA,()V,()V,reset,high,rename,pending,kmajkkk|method|jakkAmA|()V,Binds an envelope or updates its cursor and release fadeout.,java-desktop/src/main/java/kmajkkk.java:33
method,kmajkkk,JAkkAmA,(Lmajjkka;)V,(Lmajjkka;)V,setEnvelope,high,rename,pending,kmajkkk|method|JAkkAmA|(Lmajjkka;)V,Binds an envelope or updates its cursor and release fadeout.,java-desktop/src/main/java/kmajkkk.java:21
method,kmajkmk,MAjakkA,()V,()V,dispose,high,rename,pending,kmjjmma|method|MAjakkA|()V,"Overrides kmjjmma.MAjakkA; preserve the shared callback name. Scene registration, selection, lifecycle and frame/message dispatch in godog establish the callback contract.",java-desktop/src/main/java/kmajkmk.java:21
method,kmajkmk,MaJAkkA,()Ljava/lang/String;,()Ljava/lang/String;,getSceneId,high,rename,pending,kmjjmma|method|MaJAkkA|()Ljava/lang/String;,"Overrides kmjjmma.MaJAkkA; preserve the shared callback name. Scene registration, selection, lifecycle and frame/message dispatch in godog establish the callback contract.",java-desktop/src/main/java/kmajkmk.java:17
method,kmajkmk,majakkA,(Ljava/lang/String;F)V,(Ljava/lang/String;F)V,handleMessage,high,rename,pending,kmjjmma|method|majakkA|(Ljava/lang/String;F)V,"Overrides kmjjmma.majakkA; preserve the shared callback name. Scene registration, selection, lifecycle and frame/message dispatch in godog establish the callback contract.",java-desktop/src/main/java/kmajkmk.java:96
method,kmajkmk,mAjakkA,(Lkmaamma;)V,(Lkmaamma;)V,load,high,rename,pending,kmjjmma|method|mAjakkA|(Lkmaamma;)V,"Overrides kmjjmma.mAjakkA; preserve the shared callback name. Scene registration, selection, lifecycle and frame/message dispatch in godog establish the callback contract.",java-desktop/src/main/java/kmajkmk.java:25
method,kmajkmk,MajakkA,(Lmmajkka;FF)V,(Lmmajkka;FF)V,render,high,rename,pending,kmjjmma|method|MajakkA|(Lmmajkka;FF)V,"Overrides kmjjmma.MajakkA; preserve the shared callback name. Scene registration, selection, lifecycle and frame/message dispatch in godog establish the callback contract.",java-desktop/src/main/java/kmajkmk.java:68
method,kmjakka,aMAJAKk,(I)I,(I)I,awaitAndSleepUntil,high,rename,pending,kmjakka|method|aMAJAKk|(I)I,"Queue methods publish, wait for, time-check or print scheduled song positions.",java-desktop/src/main/java/kmjakka.java:30
method,kmjakka,AMAJAKk,(I)Lmajakmk;,(I)Lmajakmk;,awaitPosition,high,rename,pending,kmjakka|method|AMAJAKk|(I)Lmajakmk;,"Queue methods publish, wait for, time-check or print scheduled song positions.",java-desktop/src/main/java/kmjakka.java:73
method,kmjakka,amAJAKk,()V,()V,dump,high,rename,pending,kmjakka|method|amAJAKk|()V,"Queue methods publish, wait for, time-check or print scheduled song positions.",java-desktop/src/main/java/kmjakka.java:110
method,kmjakka,AmaJAKk,(II)Z,(II)Z,hasReached,high,rename,pending,kmjakka|method|AmaJAKk|(II)Z,"Queue methods publish, wait for, time-check or print scheduled song positions.",java-desktop/src/main/java/kmjakka.java:44
method,kmjakka,AmAJAKk,(IJ)V,(IJ)V,publish,high,rename,pending,kmjakka|method|AmAJAKk|(IJ)V,"Queue methods publish, wait for, time-check or print scheduled song positions.",java-desktop/src/main/java/kmjakka.java:12
method,kmjakkk,jakKAMA,(ILjava/lang/String;)V,(ILjava/lang/String;)V,addEvent,high,rename,pending,kmjakkk|method|jakKAMA|(ILjava/lang/String;)V,"Adds a command, assigns its playback timestamp or notifies the dispatch thread.",java-desktop/src/main/java/kmjakkk.java:21
method,kmjakkk,JakKAMA,(IJ)V,(IJ)V,schedulePosition,high,rename,pending,kmjakkk|method|JakKAMA|(IJ)V,"Adds a command, assigns its playback timestamp or notifies the dispatch thread.",java-desktop/src/main/java/kmjakkk.java:25
method,kmjakkk,JAkKAMA,()V,()V,wakeDispatcher,high,rename,pending,kmjakkk|method|JAkKAMA|()V,"Adds a command, assigns its playback timestamp or notifies the dispatch thread.",java-desktop/src/main/java/kmjakkk.java:42
method,kmjjmma,MAjakkA,()V,()V,dispose,high,rename,pending,kmjjmma|method|MAjakkA|()V,"Scene registration, selection, lifecycle and frame/message dispatch in godog establish the callback contract.",java-desktop/src/main/java/kmjjmma.java:15
method,kmjjmma,maJAkkA,()V,()V,enter,high,rename,pending,kmjjmma|method|maJAkkA|()V,"Scene registration, selection, lifecycle and frame/message dispatch in godog establish the callback contract.",java-desktop/src/main/java/kmjjmma.java:12
method,kmjjmma,MaJAkkA,()Ljava/lang/String;,()Ljava/lang/String;,getSceneId,high,rename,pending,kmjjmma|method|MaJAkkA|()Ljava/lang/String;,"Scene registration, selection, lifecycle and frame/message dispatch in godog establish the callback contract.",java-desktop/src/main/java/kmjjmma.java:7
method,kmjjmma,majakkA,(Ljava/lang/String;F)V,(Ljava/lang/String;F)V,handleMessage,high,rename,pending,kmjjmma|method|majakkA|(Ljava/lang/String;F)V,"Scene registration, selection, lifecycle and frame/message dispatch in godog establish the callback contract.",java-desktop/src/main/java/kmjjmma.java:21
method,kmjjmma,mAjakkA,(Lkmaamma;)V,(Lkmaamma;)V,load,high,rename,pending,kmjjmma|method|mAjakkA|(Lkmaamma;)V,"Scene registration, selection, lifecycle and frame/message dispatch in godog establish the callback contract.",java-desktop/src/main/java/kmjjmma.java:9
method,kmjjmma,MajakkA,(Lmmajkka;FF)V,(Lmmajkka;FF)V,render,high,rename,pending,kmjjmma|method|MajakkA|(Lmmajkka;FF)V,"Scene registration, selection, lifecycle and frame/message dispatch in godog establish the callback contract.",java-desktop/src/main/java/kmjjmma.java:18
method,maaakka,kamaJaK,(IIII)V,(IIII)V,publishRegion,high,rename,pending,kmaakka|method|kamaJaK|(IIII)V,Overrides kmaakka.kamaJaK; preserve the shared callback name. Publishes pixel regions or draws/manages the AWT image; region callback is overridden by concrete surfaces.,java-desktop/src/main/java/maaakka.java:107
method,maaakkk,MAjakKa,(Lmmajmma;)V,(Lmmajmma;)V,onMixerTick,high,rename,pending,majamma|method|MAjakKa|(Lmmajmma;)V,Overrides majamma.MAjakKa; preserve the shared callback name. Mixer bus invokes this callback to advance module playback.,java-desktop/src/main/java/maaakkk.java:52
method,maaamma,MAjakkA,()V,()V,dispose,high,rename,pending,kmjjmma|method|MAjakkA|()V,"Overrides kmjjmma.MAjakkA; preserve the shared callback name. Scene registration, selection, lifecycle and frame/message dispatch in godog establish the callback contract.",java-desktop/src/main/java/maaamma.java:25
method,maaamma,MaJAkkA,()Ljava/lang/String;,()Ljava/lang/String;,getSceneId,high,rename,pending,kmjjmma|method|MaJAkkA|()Ljava/lang/String;,"Overrides kmjjmma.MaJAkkA; preserve the shared callback name. Scene registration, selection, lifecycle and frame/message dispatch in godog establish the callback contract.",java-desktop/src/main/java/maaamma.java:21
method,maaamma,majakkA,(Ljava/lang/String;F)V,(Ljava/lang/String;F)V,handleMessage,high,rename,pending,kmjjmma|method|majakkA|(Ljava/lang/String;F)V,"Overrides kmjjmma.majakkA; preserve the shared callback name. Scene registration, selection, lifecycle and frame/message dispatch in godog establish the callback contract.",java-desktop/src/main/java/maaamma.java:58
method,maaamma,mAjakkA,(Lkmaamma;)V,(Lkmaamma;)V,load,high,rename,pending,kmjjmma|method|mAjakkA|(Lkmaamma;)V,"Overrides kmjjmma.mAjakkA; preserve the shared callback name. Scene registration, selection, lifecycle and frame/message dispatch in godog establish the callback contract.",java-desktop/src/main/java/maaamma.java:32
method,maaamma,MajakkA,(Lmmajkka;FF)V,(Lmmajkka;FF)V,render,high,rename,pending,kmjjmma|method|MajakkA|(Lmmajkka;FF)V,"Overrides kmjjmma.MajakkA; preserve the shared callback name. Scene registration, selection, lifecycle and frame/message dispatch in godog establish the callback contract.",java-desktop/src/main/java/maaamma.java:43
method,maajkka,MAjakkA,()V,()V,dispose,high,rename,pending,kmjjmma|method|MAjakkA|()V,"Overrides kmjjmma.MAjakkA; preserve the shared callback name. Scene registration, selection, lifecycle and frame/message dispatch in godog establish the callback contract.",java-desktop/src/main/java/maajkka.java:15
method,maajkka,MaJAkkA,()Ljava/lang/String;,()Ljava/lang/String;,getSceneId,high,rename,pending,kmjjmma|method|MaJAkkA|()Ljava/lang/String;,"Overrides kmjjmma.MaJAkkA; preserve the shared callback name. Scene registration, selection, lifecycle and frame/message dispatch in godog establish the callback contract.",java-desktop/src/main/java/maajkka.java:11
method,maajkka,majakkA,(Ljava/lang/String;F)V,(Ljava/lang/String;F)V,handleMessage,high,rename,pending,kmjjmma|method|majakkA|(Ljava/lang/String;F)V,"Overrides kmjjmma.majakkA; preserve the shared callback name. Scene registration, selection, lifecycle and frame/message dispatch in godog establish the callback contract.",java-desktop/src/main/java/maajkka.java:73
method,maajkka,mAjakkA,(Lkmaamma;)V,(Lkmaamma;)V,load,high,rename,pending,kmjjmma|method|mAjakkA|(Lkmaamma;)V,"Overrides kmjjmma.mAjakkA; preserve the shared callback name. Scene registration, selection, lifecycle and frame/message dispatch in godog establish the callback contract.",java-desktop/src/main/java/maajkka.java:19
method,maajkka,MajakkA,(Lmmajkka;FF)V,(Lmmajkka;FF)V,render,high,rename,pending,kmjjmma|method|MajakkA|(Lmmajkka;FF)V,"Overrides kmjjmma.MajakkA; preserve the shared callback name. Scene registration, selection, lifecycle and frame/message dispatch in godog establish the callback contract.",java-desktop/src/main/java/maajkka.java:63
method,maajmka,kAMAjak,()F,()F,getAverageFrameMillis,high,rename,pending,maajmka|method|kAMAjak|()F,"Resets, records or reads the timer; retain existing averaging arithmetic unchanged.",java-desktop/src/main/java/maajmka.java:58
method,maajmka,kAmajak,()J,()J,getElapsedMillis,high,rename,pending,maajmka|method|kAmajak|()J,"Resets, records or reads the timer; retain existing averaging arithmetic unchanged.",java-desktop/src/main/java/maajmka.java:41
method,maajmka,KaMAjak,()V,()V,recordFrame,high,rename,pending,maajmka|method|KaMAjak|()V,"Resets, records or reads the timer; retain existing averaging arithmetic unchanged.",java-desktop/src/main/java/maajmka.java:45
method,maajmka,KAMAjak,()V,()V,reset,high,rename,pending,maajmka|method|KAMAjak|()V,"Resets, records or reads the timer; retain existing averaging arithmetic unchanged.",java-desktop/src/main/java/maajmka.java:24
method,maajmka,kaMAjak,(J)V,(J)V,resetWithFrameDuration,high,rename,pending,maajmka|method|kaMAjak|(J)V,"Resets, records or reads the timer; retain existing averaging arithmetic unchanged.",java-desktop/src/main/java/maajmka.java:28
method,majakkk,MAjakkA,()V,()V,dispose,high,rename,pending,kmjjmma|method|MAjakkA|()V,"Overrides kmjjmma.MAjakkA; preserve the shared callback name. Scene registration, selection, lifecycle and frame/message dispatch in godog establish the callback contract.",java-desktop/src/main/java/majakkk.java:66
method,majakkk,maJAkkA,()V,()V,enter,high,rename,pending,kmjjmma|method|maJAkkA|()V,"Overrides kmjjmma.maJAkkA; preserve the shared callback name. Scene registration, selection, lifecycle and frame/message dispatch in godog establish the callback contract.",java-desktop/src/main/java/majakkk.java:57
method,majakkk,MaJAkkA,()Ljava/lang/String;,()Ljava/lang/String;,getSceneId,high,rename,pending,kmjjmma|method|MaJAkkA|()Ljava/lang/String;,"Overrides kmjjmma.MaJAkkA; preserve the shared callback name. Scene registration, selection, lifecycle and frame/message dispatch in godog establish the callback contract.",java-desktop/src/main/java/majakkk.java:15
method,majakkk,majakkA,(Ljava/lang/String;F)V,(Ljava/lang/String;F)V,handleMessage,high,rename,pending,kmjjmma|method|majakkA|(Ljava/lang/String;F)V,"Overrides kmjjmma.majakkA; preserve the shared callback name. Scene registration, selection, lifecycle and frame/message dispatch in godog establish the callback contract.",java-desktop/src/main/java/majakkk.java:89
method,majakkk,mAjakkA,(Lkmaamma;)V,(Lkmaamma;)V,load,high,rename,pending,kmjjmma|method|mAjakkA|(Lkmaamma;)V,"Overrides kmjjmma.mAjakkA; preserve the shared callback name. Scene registration, selection, lifecycle and frame/message dispatch in godog establish the callback contract.",java-desktop/src/main/java/majakkk.java:19
method,majakkk,MajakkA,(Lmmajkka;FF)V,(Lmmajkka;FF)V,render,high,rename,pending,kmjjmma|method|MajakkA|(Lmmajkka;FF)V,"Overrides kmjjmma.MajakkA; preserve the shared callback name. Scene registration, selection, lifecycle and frame/message dispatch in godog establish the callback contract.",java-desktop/src/main/java/majakkk.java:73
method,majakma,MAjakkA,()V,()V,dispose,high,rename,pending,kmjjmma|method|MAjakkA|()V,"Overrides kmjjmma.MAjakkA; preserve the shared callback name. Scene registration, selection, lifecycle and frame/message dispatch in godog establish the callback contract.",java-desktop/src/main/java/majakma.java:19
method,majakma,MaJAkkA,()Ljava/lang/String;,()Ljava/lang/String;,getSceneId,high,rename,pending,kmjjmma|method|MaJAkkA|()Ljava/lang/String;,"Overrides kmjjmma.MaJAkkA; preserve the shared callback name. Scene registration, selection, lifecycle and frame/message dispatch in godog establish the callback contract.",java-desktop/src/main/java/majakma.java:15
method,majakma,majakkA,(Ljava/lang/String;F)V,(Ljava/lang/String;F)V,handleMessage,high,rename,pending,kmjjmma|method|majakkA|(Ljava/lang/String;F)V,"Overrides kmjjmma.majakkA; preserve the shared callback name. Scene registration, selection, lifecycle and frame/message dispatch in godog establish the callback contract.",java-desktop/src/main/java/majakma.java:78
method,majakma,mAjakkA,(Lkmaamma;)V,(Lkmaamma;)V,load,high,rename,pending,kmjjmma|method|mAjakkA|(Lkmaamma;)V,"Overrides kmjjmma.mAjakkA; preserve the shared callback name. Scene registration, selection, lifecycle and frame/message dispatch in godog establish the callback contract.",java-desktop/src/main/java/majakma.java:28
method,majakma,MajakkA,(Lmmajkka;FF)V,(Lmmajkka;FF)V,render,high,rename,pending,kmjjmma|method|MajakkA|(Lmmajkka;FF)V,"Overrides kmjjmma.MajakkA; preserve the shared callback name. Scene registration, selection, lifecycle and frame/message dispatch in godog establish the callback contract.",java-desktop/src/main/java/majakma.java:61
method,majamma,MAjakKa,(Lmmajmma;)V,(Lmmajmma;)V,onMixerTick,high,rename,pending,majamma|method|MAjakKa|(Lmmajmma;)V,Mixer bus invokes this callback to advance module playback.,java-desktop/src/main/java/majamma.java:7
method,majjkka,aMAjAkk,(IZ)I,(IZ)I,advancePosition,high,rename,pending,majjkka|method|aMAjAkk|(IZ)I,"Setter, sampled-value lookup and loop/sustain-aware cursor advancement respectively.",java-desktop/src/main/java/majjkka.java:78
method,majjkka,AMAjAkk,(I)V,(I)V,setFadeoutStep,high,rename,pending,majjkka|method|AMAjAkk|(I)V,"Setter, sampled-value lookup and loop/sustain-aware cursor advancement respectively.",java-desktop/src/main/java/majjkka.java:67
method,majjkka,amAjAkk,(I)B,(I)B,valueAt,high,rename,pending,majjkka|method|amAjAkk|(I)B,"Setter, sampled-value lookup and loop/sustain-aware cursor advancement respectively.",java-desktop/src/main/java/majjkka.java:71
method,mmaakma,maJaKkA,(ILjava/lang/String;)V,(ILjava/lang/String;)V,onScriptEvent,high,rename,pending,mmaakma|method|maJaKkA|(ILjava/lang/String;)V,Script scheduler invokes this callback with the position and command.,java-desktop/src/main/java/mmaakma.java:7
method,mmajkka,kamaJaK,(IIII)V,(IIII)V,publishRegion,high,rename,pending,kmaakka|method|kamaJaK|(IIII)V,Overrides kmaakka.kamaJaK; preserve the shared callback name. Publishes pixel regions or draws/manages the AWT image; region callback is overridden by concrete surfaces.,java-desktop/src/main/java/mmajkka.java:42
method,mmajkkk,jaKkAmA,(I)I,(I)I,lowUnsignedByte,high,rename,pending,mmajkkk|method|jaKkAmA|(I)I,"Byte order and signedness follow directly from the shifts, table lookups and casts.",java-desktop/src/main/java/mmajkkk.java:42
method,mmajkkk,jAKkAmA,([BI)I,([BI)I,readIntLE,high,rename,pending,mmajkkk|method|jAKkAmA|([BI)I,"Byte order and signedness follow directly from the shifts, table lookups and casts.",java-desktop/src/main/java/mmajkkk.java:22
method,mmajkkk,aKkAmAj,([BI)I,([BI)I,readSignedByte,high,rename,pending,mmajkkk|method|aKkAmAj|([BI)I,"Byte order and signedness follow directly from the shifts, table lookups and casts.",java-desktop/src/main/java/mmajkkk.java:26
method,mmajkkk,JAKkAmA,([BI)I,([BI)I,readSignedShortBE,high,rename,pending,mmajkkk|method|JAKkAmA|([BI)I,"Byte order and signedness follow directly from the shifts, table lookups and casts.",java-desktop/src/main/java/mmajkkk.java:34
method,mmajkkk,AKkAmAj,([BI)I,([BI)I,readSignedShortLE,high,rename,pending,mmajkkk|method|AKkAmAj|([BI)I,"Byte order and signedness follow directly from the shifts, table lookups and casts.",java-desktop/src/main/java/mmajkkk.java:30
method,mmajkkk,aKKAmAj,([BI)I,([BI)I,readUnsignedByte,high,rename,pending,mmajkkk|method|aKKAmAj|([BI)I,"Byte order and signedness follow directly from the shifts, table lookups and casts.",java-desktop/src/main/java/mmajkkk.java:10
method,mmajkkk,JaKkAmA,([BI)I,([BI)I,readUnsignedShortBE,high,rename,pending,mmajkkk|method|JaKkAmA|([BI)I,"Byte order and signedness follow directly from the shifts, table lookups and casts.",java-desktop/src/main/java/mmajkkk.java:18
method,mmajkkk,AkkAmAj,([BI)I,([BI)I,readUnsignedShortLE,high,rename,pending,mmajkkk|method|AkkAmAj|([BI)I,"Byte order and signedness follow directly from the shifts, table lookups and casts.",java-desktop/src/main/java/mmajkkk.java:14
method,mmajkkk,akkAmAj,(B)I,(B)I,toUnsignedByte,high,rename,pending,mmajkkk|method|akkAmAj|(B)I,"Byte order and signedness follow directly from the shifts, table lookups and casts.",java-desktop/src/main/java/mmajkkk.java:38
method,mmajkmk,kKamAJA,(I)[B,(I)[B,getRow,high,rename,pending,mmajkmk|method|kKamAJA|(I)[B,Writes the seven supplied row/channel/note arguments or returns a complete row.,java-desktop/src/main/java/mmajkmk.java:32
method,mmajkmk,KkAMAJA,(IIIIIII)V,(IIIIIII)V,setCell,high,rename,pending,mmajkmk|method|KkAMAJA|(IIIIIII)V,Writes the seven supplied row/channel/note arguments or returns a complete row.,java-desktop/src/main/java/mmajkmk.java:22
method,mmajmmk,AkkAMaJ,()V,()V,awaitAndConsumeSignal,high,rename,pending,mmajmmk|method|AkkAMaJ|()V,"Bodies read, wait for, consume, set or clear the monitor signal.",java-desktop/src/main/java/mmajmmk.java:23
method,mmajmmk,akkAMaJ,()V,()V,awaitSignal,high,rename,pending,mmajmmk|method|akkAMaJ|()V,"Bodies read, wait for, consume, set or clear the monitor signal.",java-desktop/src/main/java/mmajmmk.java:17
method,mmajmmk,AKkAMaJ,()Z,()Z,clearAndGetPreviousSignal,high,rename,pending,mmajmmk|method|AKkAMaJ|()Z,"Bodies read, wait for, consume, set or clear the monitor signal.",java-desktop/src/main/java/mmajmmk.java:37
method,mmajmmk,aKkAMaJ,()Z,()Z,isSignalled,high,rename,pending,mmajmmk|method|aKkAMaJ|()Z,"Bodies read, wait for, consume, set or clear the monitor signal.",java-desktop/src/main/java/mmajmmk.java:13
method,mmajmmk,aKKAMaJ,()V,()V,signal,high,rename,pending,mmajmmk|method|aKKAMaJ|()V,"Bodies read, wait for, consume, set or clear the monitor signal.",java-desktop/src/main/java/mmajmmk.java:30
method,mmjammk,akkaMAJ,(Lkmaamka;)V,(Lkmaamka;)V,setSampleForAllNotes,high,rename,pending,mmjammk|method|akkaMAJ|(Lkmaamka;)V,Loops over all 96 keys or assigns a sample to one key.,java-desktop/src/main/java/mmjammk.java:15
method,mmjammk,AkkaMAJ,(ILkmaamka;)V,(ILkmaamka;)V,setSampleForNote,high,rename,pending,mmjammk|method|AkkaMAJ|(ILkmaamka;)V,Loops over all 96 keys or assigns a sample to one key.,java-desktop/src/main/java/mmjammk.java:21
method,mmjjmkk,jakKAMa,(Lkaajmma;)V,(Lkaajmma;)V,lookAlong,high,rename,pending,mmjjmkk|method|jakKAMa|(Lkaajmma;)V,Builds an orientation toward a target point; second method adds a direction to the camera position.,java-desktop/src/main/java/mmjjmkk.java:37
method,mmjjmkk,JakKAMa,(Lkaajmma;)V,(Lkaajmma;)V,lookAt,high,rename,pending,mmjjmkk|method|JakKAMa|(Lkaajmma;)V,Builds an orientation toward a target point; second method adds a direction to the camera position.,java-desktop/src/main/java/mmjjmkk.java:19
field,kaajmma,MajaKka,F,F,x,high,rename,pending,kaajmma|field|MajaKka|F,Three-coordinate constructors and component-wise vector arithmetic.,java-desktop/src/main/java/kaajmma.java:11
field,kaajmma,majaKka,F,F,y,high,rename,pending,kaajmma|field|majaKka|F,Three-coordinate constructors and component-wise vector arithmetic.,java-desktop/src/main/java/kaajmma.java:12
field,kaajmma,MAjaKka,F,F,z,high,rename,pending,kaajmma|field|MAjaKka|F,Three-coordinate constructors and component-wise vector arithmetic.,java-desktop/src/main/java/kaajmma.java:13
field,kaajmmk,jakkAMa,I,I,maxX,high,rename,pending,kaajmmk|field|jakkAMa|I,Constructor sorts endpoints and inclusion methods take component-wise minima/maxima.,java-desktop/src/main/java/kaajmmk.java:11
field,kaajmmk,JAkkAMa,I,I,maxY,high,rename,pending,kaajmmk|field|JAkkAMa|I,Constructor sorts endpoints and inclusion methods take component-wise minima/maxima.,java-desktop/src/main/java/kaajmmk.java:12
field,kaajmmk,jAKkAMa,I,I,minX,high,rename,pending,kaajmmk|field|jAKkAMa|I,Constructor sorts endpoints and inclusion methods take component-wise minima/maxima.,java-desktop/src/main/java/kaajmmk.java:9
field,kaajmmk,JakkAMa,I,I,minY,high,rename,pending,kaajmmk|field|JakkAMa|I,Constructor sorts endpoints and inclusion methods take component-wise minima/maxima.,java-desktop/src/main/java/kaajmmk.java:10
field,kajjkkk,ajAKKAm,F,F,w,high,rename,pending,kajjkkk|field|ajAKKAm|F,Quaternion component order in constructors and rotation calculations.,java-desktop/src/main/java/kajjkkk.java:10
field,kajjkkk,AJakKAm,F,F,x,high,rename,pending,kajjkkk|field|AJakKAm|F,Quaternion component order in constructors and rotation calculations.,java-desktop/src/main/java/kajjkkk.java:7
field,kajjkkk,aJakKAm,F,F,y,high,rename,pending,kajjkkk|field|aJakKAm|F,Quaternion component order in constructors and rotation calculations.,java-desktop/src/main/java/kajjkkk.java:8
field,kajjkkk,AjAKKAm,F,F,z,high,rename,pending,kajjkkk|field|AjAKKAm|F,Quaternion component order in constructors and rotation calculations.,java-desktop/src/main/java/kajjkkk.java:9
field,kajjmmk,jAKkaMA,F,F,u,high,rename,pending,kajjmmk|field|jAKkaMA|F,The triangle rasterizer interpolates these two texture-coordinate components.,java-desktop/src/main/java/kajjmmk.java:7
field,kajjmmk,JakkaMA,F,F,v,high,rename,pending,kajjmmk|field|JakkaMA|F,The triangle rasterizer interpolates these two texture-coordinate components.,java-desktop/src/main/java/kajjmmk.java:8
field,kmaakka,KAMAJaK,Ljava/awt/image/ColorModel;,Ljava/awt/image/ColorModel;,colorModel,high,rename,pending,kmaakka|field|KAMAJaK|Ljava/awt/image/ColorModel;,AWT image-production setup and drawImage calls identify each field.,java-desktop/src/main/java/kmaakka.java:19
field,kmaakka,KaMAJaK,Ljava/awt/image/ImageConsumer;,Ljava/awt/image/ImageConsumer;,consumer,high,rename,pending,kmaakka|field|KaMAJaK|Ljava/awt/image/ImageConsumer;,AWT image-production setup and drawImage calls identify each field.,java-desktop/src/main/java/kmaakka.java:17
field,kmaakka,KamAJaK,I,I,height,high,rename,pending,kmaakka|field|KamAJaK|I,AWT image-production setup and drawImage calls identify each field.,java-desktop/src/main/java/kmaakka.java:21
field,kmaakka,kaMAJaK,Ljava/awt/Image;,Ljava/awt/Image;,image,high,rename,pending,kmaakka|field|kaMAJaK|Ljava/awt/Image;,AWT image-production setup and drawImage calls identify each field.,java-desktop/src/main/java/kmaakka.java:18
field,kmaakka,kAMAJaK,I,I,width,high,rename,pending,kmaakka|field|kAMAJaK|I,AWT image-production setup and drawImage calls identify each field.,java-desktop/src/main/java/kmaakka.java:20
field,kmaakkk,MAjakKa,I,I,orderIndex,high,rename,pending,kmaakkk|field|MAjakKa|I,"Order-table loading, seeking and next-row code directly establish this role.",java-desktop/src/main/java/kmaakkk.java:11
field,kmaakkk,MAJakKa,[I,[I,orderTable,high,rename,pending,kmaakkk|field|MAJakKa|[I,"Order-table loading, seeking and next-row code directly establish this role.",java-desktop/src/main/java/kmaakkk.java:7
field,kmaakkk,majakKa,Z,Z,repeatCurrentOrder,high,rename,pending,kmaakkk|field|majakKa|Z,"Order-table loading, seeking and next-row code directly establish this role.",java-desktop/src/main/java/kmaakkk.java:10
field,kmaakkk,mAJakKa,I,I,restartOrder,high,rename,pending,kmaakkk|field|mAJakKa|I,"Order-table loading, seeking and next-row code directly establish this role.",java-desktop/src/main/java/kmaakkk.java:8
field,kmaakkk,mAjakKa,I,I,rowIndex,high,rename,pending,kmaakkk|field|mAjakKa|I,"Order-table loading, seeking and next-row code directly establish this role.",java-desktop/src/main/java/kmaakkk.java:12
field,kmaakkk,MajakKa,Lmaaakkk;,Lmaaakkk;,song,high,rename,pending,kmaakkk|field|MajakKa|Lmaaakkk;,"Order-table loading, seeking and next-row code directly establish this role.",java-desktop/src/main/java/kmaakkk.java:9
field,kmajkka,aMajakk,F,F,sortKey,high,rename,pending,kmajkka|field|aMajakk|F,Compared by mmjjmma and reused for depths and script positions; deliberately generic name.,java-desktop/src/main/java/kmajkka.java:7
field,kmajkkk,AjAkkAm,Z,Z,enabled,high,rename,pending,kmajkkk|field|AjAkkAm|Z,"Envelope binding, reset, release and next-value implementation establish this state.",java-desktop/src/main/java/kmajkkk.java:10
field,kmajkkk,ajaKKAm,Lmajjkka;,Lmajjkka;,envelope,high,rename,pending,kmajkkk|field|ajaKKAm|Lmajjkka;,"Envelope binding, reset, release and next-value implementation establish this state.",java-desktop/src/main/java/kmajkkk.java:7
field,kmajkkk,ajAkkAm,I,I,fadeoutLevel,high,rename,pending,kmajkkk|field|ajAkkAm|I,"Envelope binding, reset, release and next-value implementation establish this state.",java-desktop/src/main/java/kmajkkk.java:11
field,kmajkkk,AJaKKAm,I,I,position,high,rename,pending,kmajkkk|field|AJaKKAm|I,"Envelope binding, reset, release and next-value implementation establish this state.",java-desktop/src/main/java/kmajkkk.java:8
field,kmajkkk,aJaKKAm,Z,Z,released,high,rename,pending,kmajkkk|field|aJaKKAm|Z,"Envelope binding, reset, release and next-value implementation establish this state.",java-desktop/src/main/java/kmajkkk.java:9
field,kmjakka,AmajAKk,Ljava/util/Vector;,Ljava/util/Vector;,events,high,rename,pending,kmjakka|field|AmajAKk|Ljava/util/Vector;,Vector of timestamped song-position records.,java-desktop/src/main/java/kmjakka.java:10
field,kmjakkk,mAjakKA,I,I,eventCount,high,rename,pending,kmjakkk|field|mAjakKA|I,"Event insertion, timestamp assignment and run-loop dispatch establish each role.",java-desktop/src/main/java/kmjakkk.java:7
field,kmjakkk,MaJAkKA,[Lmmjjkkk;,[Lmmjjkkk;,events,high,rename,pending,kmjakkk|field|MaJAkKA|[Lmmjjkkk;,"Event insertion, timestamp assignment and run-loop dispatch establish each role.",java-desktop/src/main/java/kmjakkk.java:8
field,kmjakkk,maJAkKA,Lmmaakma;,Lmmaakma;,listener,high,rename,pending,kmjakkk|field|maJAkKA|Lmmaakma;,"Event insertion, timestamp assignment and run-loop dispatch establish each role.",java-desktop/src/main/java/kmjakkk.java:9
field,kmjakkk,mAJAkKA,I,I,nextDispatchIndex,high,rename,pending,kmjakkk|field|mAJAkKA|I,"Event insertion, timestamp assignment and run-loop dispatch establish each role.",java-desktop/src/main/java/kmjakkk.java:11
field,kmjakkk,MAJAkKA,I,I,nextScheduleIndex,high,rename,pending,kmjakkk|field|MAJAkKA|I,"Event insertion, timestamp assignment and run-loop dispatch establish each role.",java-desktop/src/main/java/kmjakkk.java:10
field,maajmka,KamAjak,J,J,elapsedMillis,high,rename,pending,maajmka|field|KamAjak|J,"Rolling timestamp initialization, averaging and elapsed-origin subtraction.",java-desktop/src/main/java/maajmka.java:9
field,maajmka,KAmAjak,J,J,initialFrameMillis,high,rename,pending,maajmka|field|KAmAjak|J,"Rolling timestamp initialization, averaging and elapsed-origin subtraction.",java-desktop/src/main/java/maajmka.java:11
field,maajmka,kamAjak,J,J,originMillis,high,rename,pending,maajmka|field|kamAjak|J,"Rolling timestamp initialization, averaging and elapsed-origin subtraction.",java-desktop/src/main/java/maajmka.java:10
field,maajmka,KAMAjak,I,I,sampleCount,high,rename,pending,maajmka|field|KAMAjak|I,"Rolling timestamp initialization, averaging and elapsed-origin subtraction.",java-desktop/src/main/java/maajmka.java:7
field,maajmka,kAMAjak,[J,[J,timestamps,high,rename,pending,maajmka|field|kAMAjak|[J,"Rolling timestamp initialization, averaging and elapsed-origin subtraction.",java-desktop/src/main/java/maajmka.java:8
field,majakmk,AkKAMAJ,I,I,position,high,rename,pending,majakmk|field|AkKAMAJ|I,Constructor and queue consumers use these as song position and wall-clock playback time.,java-desktop/src/main/java/majakmk.java:7
field,majakmk,akKAMAJ,J,J,timestampMillis,high,rename,pending,majakmk|field|akKAMAJ|J,Constructor and queue consumers use these as song position and wall-clock playback time.,java-desktop/src/main/java/majakmk.java:8
field,majjkka,AMajAkk,Z,Z,enabled,high,rename,pending,majjkka|field|AMajAkk|Z,"Envelope construction and cursor-advance branches identify values, sustain and loop state.",java-desktop/src/main/java/majjkka.java:14
field,majjkka,amajAkk,I,I,fadeoutStep,high,rename,pending,majjkka|field|amajAkk|I,"Envelope construction and cursor-advance branches identify values, sustain and loop state.",java-desktop/src/main/java/majjkka.java:13
field,majjkka,aMajAkk,Z,Z,loopEnabled,high,rename,pending,majjkka|field|aMajAkk|Z,"Envelope construction and cursor-advance branches identify values, sustain and loop state.",java-desktop/src/main/java/majjkka.java:15
field,majjkka,AmajAkk,I,I,loopEnd,high,rename,pending,majjkka|field|AmajAkk|I,"Envelope construction and cursor-advance branches identify values, sustain and loop state.",java-desktop/src/main/java/majjkka.java:12
field,majjkka,aMAjAkk,I,I,loopStart,high,rename,pending,majjkka|field|aMAjAkk|I,"Envelope construction and cursor-advance branches identify values, sustain and loop state.",java-desktop/src/main/java/majjkka.java:11
field,majjkka,AmAJAkk,Z,Z,sustainEnabled,high,rename,pending,majjkka|field|AmAJAkk|Z,"Envelope construction and cursor-advance branches identify values, sustain and loop state.",java-desktop/src/main/java/majjkka.java:16
field,majjkka,AMAjAkk,I,I,sustainPosition,high,rename,pending,majjkka|field|AMAjAkk|I,"Envelope construction and cursor-advance branches identify values, sustain and loop state.",java-desktop/src/main/java/majjkka.java:10
field,majjkka,amAjAkk,[B,[B,values,high,rename,pending,majjkka|field|amAjAkk|[B,"Envelope construction and cursor-advance branches identify values, sustain and loop state.",java-desktop/src/main/java/majjkka.java:9
field,mmajkkk,aJAKKAm,I,I,SIGNED_BYTE_BIAS,high,rename,pending,mmajkkk|field|aJAKKAm|I,Lookup indexed by signed byte plus 128 maps to an unsigned byte value.,java-desktop/src/main/java/mmajkkk.java:7
field,mmajkkk,AjaKKAm,[I,[I,UNSIGNED_BYTE_TABLE,high,rename,pending,mmajkkk|field|AjaKKAm|[I,Lookup indexed by signed byte plus 128 maps to an unsigned byte value.,java-desktop/src/main/java/mmajkkk.java:8
field,mmajkmk,aKkaMaJ,I,I,EFFECT_OFFSET,high,rename,pending,mmajkmk|field|aKkaMaJ|I,Allocation and five-byte cell writes; note-cell interpretation is in ModuleSong processing.,java-desktop/src/main/java/mmajkmk.java:13
field,mmajkmk,AkKAMaJ,I,I,EFFECT_PARAMETER_OFFSET,high,rename,pending,mmajkmk|field|AkKAMaJ|I,Allocation and five-byte cell writes; note-cell interpretation is in ModuleSong processing.,java-desktop/src/main/java/mmajkmk.java:14
field,mmajkmk,akkaMaJ,I,I,INSTRUMENT_OFFSET,high,rename,pending,mmajkmk|field|akkaMaJ|I,Allocation and five-byte cell writes; note-cell interpretation is in ModuleSong processing.,java-desktop/src/main/java/mmajkmk.java:11
field,mmajkmk,AkkaMaJ,I,I,NOTE_OFFSET,high,rename,pending,mmajkmk|field|AkkaMaJ|I,Allocation and five-byte cell writes; note-cell interpretation is in ModuleSong processing.,java-desktop/src/main/java/mmajkmk.java:10
field,mmajkmk,AKkaMaJ,I,I,VOLUME_OFFSET,high,rename,pending,mmajkmk|field|AKkaMaJ|I,Allocation and five-byte cell writes; note-cell interpretation is in ModuleSong processing.,java-desktop/src/main/java/mmajkmk.java:12
field,mmajkmk,AKKaMaJ,I,I,channelCount,high,rename,pending,mmajkmk|field|AKKaMaJ|I,Allocation and five-byte cell writes; note-cell interpretation is in ModuleSong processing.,java-desktop/src/main/java/mmajkmk.java:8
field,mmajkmk,akKaMaJ,I,I,rowCount,high,rename,pending,mmajkmk|field|akKaMaJ|I,Allocation and five-byte cell writes; note-cell interpretation is in ModuleSong processing.,java-desktop/src/main/java/mmajkmk.java:7
field,mmajkmk,aKKaMaJ,[[B,[[B,rows,high,rename,pending,mmajkmk|field|aKKaMaJ|[[B,Allocation and five-byte cell writes; note-cell interpretation is in ModuleSong processing.,java-desktop/src/main/java/mmajkmk.java:9
field,mmajmmk,jakkaMA,Z,Z,signalled,high,rename,pending,mmajmmk|field|jakkaMA|Z,Monitor-protected flag controls wait/notify and signal consumption.,java-desktop/src/main/java/mmajmmk.java:7
field,mmjamma,mAJAKka,D,D,x,high,rename,pending,mmjamma|field|mAJAKka|D,Three-coordinate constructors and component-wise vector arithmetic.,java-desktop/src/main/java/mmjamma.java:11
field,mmjamma,MajAKka,D,D,y,high,rename,pending,mmjamma|field|MajAKka|D,Three-coordinate constructors and component-wise vector arithmetic.,java-desktop/src/main/java/mmjamma.java:12
field,mmjamma,majAKka,D,D,z,high,rename,pending,mmjamma|field|majAKka|D,Three-coordinate constructors and component-wise vector arithmetic.,java-desktop/src/main/java/mmjamma.java:13
field,mmjammk,jaKKAMa,Lmajjkka;,Lmajjkka;,panningEnvelope,high,rename,pending,mmjammk|field|jaKKAMa|Lmajjkka;,96-note sample mapping and the two envelope cursors in majakka.,java-desktop/src/main/java/mmjammk.java:9
field,mmjammk,jAkkAMa,[Lkmaamka;,[Lkmaamka;,sampleByNote,high,rename,pending,mmjammk|field|jAkkAMa|[Lkmaamka;,96-note sample mapping and the two envelope cursors in majakka.,java-desktop/src/main/java/mmjammk.java:7
field,mmjammk,JaKKAMa,Lmajjkka;,Lmajjkka;,volumeEnvelope,high,rename,pending,mmjammk|field|JaKKAMa|Lmajjkka;,96-note sample mapping and the two envelope cursors in majakka.,java-desktop/src/main/java/mmjammk.java:8
field,mmjjkkk,AJakkam,Ljava/lang/String;,Ljava/lang/String;,command,high,rename,pending,mmjjkkk|field|AJakkam|Ljava/lang/String;,Consumed by the script scheduler for timing and listener delivery.,java-desktop/src/main/java/mmjjkkk.java:8
field,mmjjkkk,ajakkam,J,J,scheduledTimeMillis,high,rename,pending,mmjjkkk|field|ajakkam|J,Consumed by the script scheduler for timing and listener delivery.,java-desktop/src/main/java/mmjjkkk.java:7
field,mmjjmkk,aMAjakK,F,F,farClip,high,rename,pending,mmjjmkk|field|aMAjakK|F,Camera setup and MeshObject/ViewFrustum consumers establish coordinate and clipping roles.,java-desktop/src/main/java/mmjjmkk.java:16
field,mmjjmkk,AmajakK,F,F,fogStart,high,rename,pending,mmjjmkk|field|AmajakK|F,Camera setup and MeshObject/ViewFrustum consumers establish coordinate and clipping roles.,java-desktop/src/main/java/mmjjmkk.java:17
field,mmjjmkk,AMAjakK,F,F,nearClip,high,rename,pending,mmjjmkk|field|AMAjakK|F,Camera setup and MeshObject/ViewFrustum consumers establish coordinate and clipping roles.,java-desktop/src/main/java/mmjjmkk.java:15
field,mmjjmkk,aMaJAkK,Lkaaakka;,Lkaaakka;,orientation,high,rename,pending,mmjjmkk|field|aMaJAkK|Lkaaakka;,Camera setup and MeshObject/ViewFrustum consumers establish coordinate and clipping roles.,java-desktop/src/main/java/mmjjmkk.java:12
field,mmjjmkk,AMaJAkK,Lkaajmma;,Lkaajmma;,position,high,rename,pending,mmjjmkk|field|AMaJAkK|Lkaajmma;,Camera setup and MeshObject/ViewFrustum consumers establish coordinate and clipping roles.,java-desktop/src/main/java/mmjjmkk.java:11
field,mmjjmkk,amAjakK,F,F,rollRadians,high,rename,pending,mmjjmkk|field|amAjakK|F,Camera setup and MeshObject/ViewFrustum consumers establish coordinate and clipping roles.,java-desktop/src/main/java/mmjjmkk.java:14
field,mmjjmkk,AmAjakK,Lkaajmma;,Lkaajmma;,upVector,high,rename,pending,mmjjmkk|field|AmAjakK|Lkaajmma;,Camera setup and MeshObject/ViewFrustum consumers establish coordinate and clipping roles.,java-desktop/src/main/java/mmjjmkk.java:13
field,mmjjmkk,aMAJAkK,I,I,viewportHeight,high,rename,pending,mmjjmkk|field|aMAJAkK|I,Camera setup and MeshObject/ViewFrustum consumers establish coordinate and clipping roles.,java-desktop/src/main/java/mmjjmkk.java:8
field,mmjjmkk,AMAJAkK,I,I,viewportWidth,high,rename,pending,mmjjmkk|field|AMAJAkK|I,Camera setup and MeshObject/ViewFrustum consumers establish coordinate and clipping roles.,java-desktop/src/main/java/mmjjmkk.java:7
